{"cameraMode":{"drawMode":0,"name":"Shaded","section":"Shading Mode"},"sceneLighting":false,"audioPlay":false,"sceneViewState":{"m_AlwaysRefresh":false,"showFog":true,"showSkybox":false,"showFlares":true,"showImageEffects":true,"showParticleSystems":true,"showVisualEffectGraphs":true,"m_FxEnabled":true},"in2DMode":false,"pivot":{"x":-10.353487014770508,"y":1.5084521770477296,"z":-1.3092617988586426},"rotation":{"x":-0.04052554816007614,"y":-0.2860815227031708,"z":0.012111861258745194,"w":-0.9572637677192688},"size":1.0606601238250733,"orthographic":false}